<?xml version="1.0" encoding="UTF-8"?>
<launch4jConfig>
  <dontWrapJar>false</dontWrapJar>
  <headerType>gui</headerType>
  <jar>C:\Daten\b4j\b4jhowto\B4JHowToSQLite2\Objects\anyitems.jar</jar>
  <outfile>C:\Daten\b4j\b4jhowto\B4JHowToSQLite2\Objects\anyitems.exe</outfile>
  <errTitle></errTitle>
  <cmdLine></cmdLine>
  <chdir></chdir>
  <priority>normal</priority>
  <downloadUrl>http://java.com/download</downloadUrl>
  <supportUrl></supportUrl>
  <stayAlive>false</stayAlive>
  <manifest></manifest>
  <icon></icon>
  <jre>
    <path>c:\Program Files (x86)\Java\jre8\bin\</path>
    <bundledJre64Bit>false</bundledJre64Bit>
    <minVersion>1.8.0</minVersion>
    <maxVersion>1.8.0_5</maxVersion>
    <jdkPreference>preferJre</jdkPreference>
    <runtimeBits>64/32</runtimeBits>
  </jre>
  <versionInfo>
    <fileVersion>1.0.0.0</fileVersion>
    <txtFileVersion>20140717</txtFileVersion>
    <fileDescription>B4JHowTo Example - AnyItems</fileDescription>
    <copyright>Copyright (c) 2014 Robert W.B. Linn, Pinneberg, Germany</copyright>
    <productVersion>1.0.0.0</productVersion>
    <txtProductVersion>20140717</txtProductVersion>
    <productName>AnyItems</productName>
    <companyName>Robert W.B. Linn, Pinneberg, Germany</companyName>
    <internalName>AnyItems</internalName>
    <originalFilename>anyitems.exe</originalFilename>
  </versionInfo>
</launch4jConfig>