<?xml version="1.0" encoding="utf-8"?>
<root>
  <doclet-version-NOT-library-version>1.00</doclet-version-NOT-library-version>
  <dependsOn>jcore</dependsOn>
  <dependsOn>jfx</dependsOn>
  <dependsOn>javaobject</dependsOn>
  <dependsOn>json</dependsOn>
  <class>
    <name>b4j.example.dialogs8</name>
    <shortname>Dialogs8</shortname>
    <method>
      <name>IsInitialized</name>
      <comment>Tests whether the object has been initialized.</comment>
      <returntype>boolean</returntype>
    </method>
    <method>
      <name DesignerName="ChoiceDialog">_choicedialog</name>
      <comment>Show a Choice Dialog.
Parameter Title, Header, Label for the Choices as string. Choices as a List.
Returns the selection as string or an empty string
</comment>
      <returntype>String</returntype>
      <parameter>
        <name>Title</name>
        <type>String</type>
      </parameter>
      <parameter>
        <name>Header</name>
        <type>String</type>
      </parameter>
      <parameter>
        <name>Label</name>
        <type>String</type>
      </parameter>
      <parameter>
        <name>Choices</name>
        <type>anywheresoftware.b4a.objects.collections.List</type>
      </parameter>
    </method>
    <method>
      <name DesignerName="ConfirmationDialog">_confirmationdialog</name>
      <comment>Show a Confirmation Dialog.
Parameter Title, Header and Content as string.
Returns a Boolean = True for OK or False for Cancel.
</comment>
      <returntype>boolean</returntype>
      <parameter>
        <name>Title</name>
        <type>String</type>
      </parameter>
      <parameter>
        <name>Header</name>
        <type>String</type>
      </parameter>
      <parameter>
        <name>Content</name>
        <type>String</type>
      </parameter>
    </method>
    <method>
      <name DesignerName="DatePickerDialog">_datepickerdialog</name>
      <comment>Show a DatePicker Dialog with default date, weeknumbers.
Parameter: Title, Header, Prompt, Default Date
Result: String with selected date or an empty string if cancelled
Note: Important To set the pattern prior calling this method; If default date Is empty ("") Then actual date Is set
</comment>
      <returntype>String</returntype>
      <parameter>
        <name>Title</name>
        <type>String</type>
      </parameter>
      <parameter>
        <name>Header</name>
        <type>String</type>
      </parameter>
      <parameter>
        <name>Label</name>
        <type>String</type>
      </parameter>
      <parameter>
        <name>DefaultDate</name>
        <type>String</type>
      </parameter>
    </method>
    <method>
      <name DesignerName="DidYouKnowDialog">_didyouknowdialog</name>
      <comment>Show DidYouKnow Dialog with Icon. The content is shown in an expanded TextArea.
Parameter Title, Header and the Did You Know Content as string.
Returns None
Note: Ensure the icon file dyk.png is added to the B4J project.
</comment>
      <returntype>anywheresoftware.b4a.objects.collections.Map</returntype>
      <parameter>
        <name>Title</name>
        <type>String</type>
      </parameter>
      <parameter>
        <name>Header</name>
        <type>String</type>
      </parameter>
      <parameter>
        <name>Content</name>
        <type>String</type>
      </parameter>
    </method>
    <method>
      <name DesignerName="ErrorDialog">_errordialog</name>
      <comment>Show an Error Dialog.
Parameter Title, Header and Content as string.
Returns None
</comment>
      <returntype>String</returntype>
      <parameter>
        <name>Title</name>
        <type>String</type>
      </parameter>
      <parameter>
        <name>Header</name>
        <type>String</type>
      </parameter>
      <parameter>
        <name>Content</name>
        <type>String</type>
      </parameter>
    </method>
    <method>
      <name DesignerName="ExceptionDialog">_exceptiondialog</name>
      <comment>Show an Exception Dialog in an expanded Textarea.
Parameter Title, Header, Content as string. Ex as Exception.
Returns None
Note: For the content, an option is to use LastException.Message and for Ex the LastException.
</comment>
      <returntype>String</returntype>
      <parameter>
        <name>Title</name>
        <type>String</type>
      </parameter>
      <parameter>
        <name>Header</name>
        <type>String</type>
      </parameter>
      <parameter>
        <name>Content</name>
        <type>String</type>
      </parameter>
      <parameter>
        <name>ex</name>
        <type>anywheresoftware.b4a.objects.B4AException</type>
      </parameter>
    </method>
    <method>
      <name DesignerName="ExtendedDialog">_extendeddialog</name>
      <comment>Show an Extended Dialog which has a expandable Textarea. This textarea is by default not expanded.
Parameter Title, Header, Content and Extended Content as string.
Returns None
</comment>
      <returntype>String</returntype>
      <parameter>
        <name>Title</name>
        <type>String</type>
      </parameter>
      <parameter>
        <name>Header</name>
        <type>String</type>
      </parameter>
      <parameter>
        <name>Content</name>
        <type>String</type>
      </parameter>
      <parameter>
        <name>ContentExtended</name>
        <type>String</type>
      </parameter>
    </method>
    <method>
      <name DesignerName="InformationDialog">_informationdialog</name>
      <comment>Show an Information Dialog.
Parameter Title, Header and Content as string.
Returns None
</comment>
      <returntype>String</returntype>
      <parameter>
        <name>Title</name>
        <type>String</type>
      </parameter>
      <parameter>
        <name>Header</name>
        <type>String</type>
      </parameter>
      <parameter>
        <name>Content</name>
        <type>String</type>
      </parameter>
    </method>
    <method>
      <name DesignerName="Initialize">_initialize</name>
      <comment>Initializes the object. You can add parameters to this method if needed.
</comment>
      <returntype>String</returntype>
      <parameter>
        <name>ba</name>
        <type>anywheresoftware.b4a.BA</type>
      </parameter>
    </method>
    <method>
      <name DesignerName="ListDialog">_listdialog</name>
      <comment>Show a List Dialog from which one item can be selected.
Parameter: Title, Header information, List of items to select from.
Result Selected item As String OR an empty String
</comment>
      <returntype>String</returntype>
      <parameter>
        <name>Title</name>
        <type>String</type>
      </parameter>
      <parameter>
        <name>Header</name>
        <type>String</type>
      </parameter>
      <parameter>
        <name>Items</name>
        <type>anywheresoftware.b4a.objects.collections.List</type>
      </parameter>
    </method>
    <method>
      <name DesignerName="ListDialog2">_listdialog2</name>
      <comment>Show a List Dialog from which multiple items can be selected.
Parameter: Title, Header information, List of items to select from.
Result One OR more selected items As a Map (nr:item) OR a non initialized Map
</comment>
      <returntype>anywheresoftware.b4a.objects.collections.Map</returntype>
      <parameter>
        <name>Title</name>
        <type>String</type>
      </parameter>
      <parameter>
        <name>Header</name>
        <type>String</type>
      </parameter>
      <parameter>
        <name>Items</name>
        <type>anywheresoftware.b4a.objects.collections.List</type>
      </parameter>
    </method>
    <method>
      <name DesignerName="LoginDialog">_logindialog</name>
      <comment>Show a Login Dialog.
Parameter Title, Header as string.
Returns a map username:username, password:password
If cancel selected, the returned map will not be initialized.
</comment>
      <returntype>anywheresoftware.b4a.objects.collections.Map</returntype>
      <parameter>
        <name>Title</name>
        <type>String</type>
      </parameter>
      <parameter>
        <name>Header</name>
        <type>String</type>
      </parameter>
    </method>
    <method>
      <name DesignerName="LoginDialog2">_logindialog2</name>
      <comment>Show a Login Dialog with Icon and default UserName.
Parameter Title, Header and default Username as string.
Returns a map username:username, password:password
If cancel selected, the returned map will not be initialized.
Note: Ensure the icon file login.png is added to the B4J project.
</comment>
      <returntype>anywheresoftware.b4a.objects.collections.Map</returntype>
      <parameter>
        <name>Title</name>
        <type>String</type>
      </parameter>
      <parameter>
        <name>Header</name>
        <type>String</type>
      </parameter>
      <parameter>
        <name>UserName</name>
        <type>String</type>
      </parameter>
    </method>
    <method>
      <name DesignerName="MessageDialog">_messagedialog</name>
      <comment>Show a Message Dialog with plain text in an expanded Textarea.
Parameter Title, Content as string.
Returns None
</comment>
      <returntype>String</returntype>
      <parameter>
        <name>Title</name>
        <type>String</type>
      </parameter>
      <parameter>
        <name>Content</name>
        <type>String</type>
      </parameter>
    </method>
    <method>
      <name DesignerName="MessageHTMLDialog">_messagehtmldialog</name>
      <comment>Show a Message Dialog with HTML formatted content in an expanded WebView.
Anchors are handled if defined like &lt;a href="#myanchor"&gt;Jump To myanchor&lt;/a&gt; ... &lt;a name="myanchor"&gt;&lt;/a&gt;
Parameter Title, Content HTML formatted as string.
Returns None
</comment>
      <returntype>String</returntype>
      <parameter>
        <name>Title</name>
        <type>String</type>
      </parameter>
      <parameter>
        <name>Content</name>
        <type>String</type>
      </parameter>
    </method>
    <method>
      <name DesignerName="SelectDialog">_selectdialog</name>
      <comment>Show a Select Dialog from which a single item can be selected.
Parameter: Title, List of items to select from, Height and Width
Result Selected item As Int or -1 if nothing selected
</comment>
      <returntype>int</returntype>
      <parameter>
        <name>Title</name>
        <type>String</type>
      </parameter>
      <parameter>
        <name>Items</name>
        <type>anywheresoftware.b4a.objects.collections.List</type>
      </parameter>
      <parameter>
        <name>Height</name>
        <type>double</type>
      </parameter>
      <parameter>
        <name>Width</name>
        <type>double</type>
      </parameter>
    </method>
    <method>
      <name DesignerName="SetParentWindow">_setparentwindow</name>
      <comment>Set the parent window for the dialogs.
Parameter: The form to be used as parent window
Example: SetParentWindow(MainForm)
&lt;b&gt;Notes:&lt;/b&gt;
To reset the parentwindow, call SetParentWindow(Null)
The parent window can not be set for ToastMessageShow
</comment>
      <returntype>String</returntype>
      <parameter>
        <name>ParentForm</name>
        <type>anywheresoftware.b4j.objects.Form</type>
      </parameter>
    </method>
    <method>
      <name DesignerName="SpinnerDoubleDialog">_spinnerdoubledialog</name>
      <comment>Show a Spinner Double Dialog with default value and amount to step by.
Parameter: Title, Header, Label as string, Double Values for Min, Max, InitialValue, AmountToStepBy
Result: Double with selected value or -1 if cancelled
</comment>
      <returntype>double</returntype>
      <parameter>
        <name>Title</name>
        <type>String</type>
      </parameter>
      <parameter>
        <name>Header</name>
        <type>String</type>
      </parameter>
      <parameter>
        <name>LabelText</name>
        <type>String</type>
      </parameter>
      <parameter>
        <name>MinValue</name>
        <type>double</type>
      </parameter>
      <parameter>
        <name>MaxValue</name>
        <type>double</type>
      </parameter>
      <parameter>
        <name>InitialValue</name>
        <type>double</type>
      </parameter>
      <parameter>
        <name>AmountToStepBy</name>
        <type>double</type>
      </parameter>
    </method>
    <method>
      <name DesignerName="SpinnerIntegerDialog">_spinnerintegerdialog</name>
      <comment>Show a Spinner Integer Dialog with default value, amount to step by.
Parameter: Title, Header, Label, Integer Values for Min, Max, InitialValue, AmountToStepBy
Result: Integer with selected value or -1 if cancelled
</comment>
      <returntype>int</returntype>
      <parameter>
        <name>Title</name>
        <type>String</type>
      </parameter>
      <parameter>
        <name>Header</name>
        <type>String</type>
      </parameter>
      <parameter>
        <name>LabelText</name>
        <type>String</type>
      </parameter>
      <parameter>
        <name>MinValue</name>
        <type>int</type>
      </parameter>
      <parameter>
        <name>MaxValue</name>
        <type>int</type>
      </parameter>
      <parameter>
        <name>InitialValue</name>
        <type>int</type>
      </parameter>
      <parameter>
        <name>AmountToStepBy</name>
        <type>int</type>
      </parameter>
    </method>
    <method>
      <name DesignerName="SpinnerListDialog">_spinnerlistdialog</name>
      <comment>Show a Spinner List Dialog.
Parameter: Title, Header and label as string, Items As List
Result: String with selected value or empty string if cancelled
</comment>
      <returntype>String</returntype>
      <parameter>
        <name>Title</name>
        <type>String</type>
      </parameter>
      <parameter>
        <name>Header</name>
        <type>String</type>
      </parameter>
      <parameter>
        <name>LabelText</name>
        <type>String</type>
      </parameter>
      <parameter>
        <name>Items</name>
        <type>anywheresoftware.b4a.objects.collections.List</type>
      </parameter>
    </method>
    <method>
      <name DesignerName="TextAreaDialog">_textareadialog</name>
      <comment>Show a TextInput Dialog with one field with user cancel handling.
Parameter Title, Header, Input Label and the default text as string.
Returns the text entered as string or a null string if dialog cancelled
To test the result of the dialog use like If result.EqualsIgnoreCase(Null) Then ...
</comment>
      <returntype>String</returntype>
      <parameter>
        <name>Title</name>
        <type>String</type>
      </parameter>
      <parameter>
        <name>Header</name>
        <type>String</type>
      </parameter>
      <parameter>
        <name>Label</name>
        <type>String</type>
      </parameter>
      <parameter>
        <name>Text</name>
        <type>String</type>
      </parameter>
    </method>
    <method>
      <name DesignerName="TextInputDialog">_textinputdialog</name>
      <comment>Show a TextInput Dialog with one field.
Parameter Title, Header, Input Label and the default text as string.
Returns the text entered as string or an empty string
</comment>
      <returntype>String</returntype>
      <parameter>
        <name>Title</name>
        <type>String</type>
      </parameter>
      <parameter>
        <name>Header</name>
        <type>String</type>
      </parameter>
      <parameter>
        <name>Label</name>
        <type>String</type>
      </parameter>
      <parameter>
        <name>Text</name>
        <type>String</type>
      </parameter>
    </method>
    <method>
      <name DesignerName="TextInputDialog2">_textinputdialog2</name>
      <comment>Show a TextInputDialog with two fields.
Parameter: Title and Header, Prompts (Label1 and Label2) for field1 and 2, Default values For field1 and 2
Result: Map with 2 entries holding field1:textinputfield1, field2:textinputfield2 or if cancelled a non initialized Map
</comment>
      <returntype>anywheresoftware.b4a.objects.collections.Map</returntype>
      <parameter>
        <name>Title</name>
        <type>String</type>
      </parameter>
      <parameter>
        <name>Header</name>
        <type>String</type>
      </parameter>
      <parameter>
        <name>Label1</name>
        <type>String</type>
      </parameter>
      <parameter>
        <name>Label2</name>
        <type>String</type>
      </parameter>
      <parameter>
        <name>Field1</name>
        <type>String</type>
      </parameter>
      <parameter>
        <name>Field2</name>
        <type>String</type>
      </parameter>
    </method>
    <method>
      <name DesignerName="TextInputDialog3">_textinputdialog3</name>
      <comment>Show a TextInput Dialog with one field with user cancel handling
Parameter Title, Header, Input Label and the default text as string.
Returns the text entered as string or a null string if dialog cancelled
To test the result of the dialog use like If result.EqualsIgnoreCase(Null) Then ...
</comment>
      <returntype>String</returntype>
      <parameter>
        <name>Title</name>
        <type>String</type>
      </parameter>
      <parameter>
        <name>Header</name>
        <type>String</type>
      </parameter>
      <parameter>
        <name>Label</name>
        <type>String</type>
      </parameter>
      <parameter>
        <name>Text</name>
        <type>String</type>
      </parameter>
    </method>
    <method>
      <name DesignerName="ToastMessage">_toastmessage</name>
      <comment>Show a ToastMessage.
Parameter: Message displayed. Can include html tags (ensure to include the html and /html tags
Parameter: Duration miliseconds keeping the message visible. Must be greater 0.
</comment>
      <returntype>String</returntype>
      <parameter>
        <name>Message</name>
        <type>String</type>
      </parameter>
      <parameter>
        <name>Duration</name>
        <type>int</type>
      </parameter>
    </method>
    <method>
      <name DesignerName="WarningDialog">_warningdialog</name>
      <comment>Show an Warning Dialog.
Parameter Title, Header and Content as string.
Returns None
</comment>
      <returntype>String</returntype>
      <parameter>
        <name>Title</name>
        <type>String</type>
      </parameter>
      <parameter>
        <name>Header</name>
        <type>String</type>
      </parameter>
      <parameter>
        <name>Content</name>
        <type>String</type>
      </parameter>
    </method>
    <method>
      <name DesignerName="YesNoCancelDialog">_yesnocanceldialog</name>
      <comment>Show a Yes No Cancel Dialog.
Parameter Title, Header and Content as string.
Returns an Int: Yes = 1, No = 0, Cancel = -1
</comment>
      <returntype>int</returntype>
      <parameter>
        <name>Title</name>
        <type>String</type>
      </parameter>
      <parameter>
        <name>Header</name>
        <type>String</type>
      </parameter>
      <parameter>
        <name>Content</name>
        <type>String</type>
      </parameter>
    </method>
    <field>
      <name DesignerName="Version">_version</name>
      <returntype>String</returntype>
    </field>
  </class>
  <version>1.46</version>
  <author>Robert W.B. Linn (20160511)</author>
</root>