<?xml version="1.0" encoding="UTF-8" standalone="no"?>
<root>
    <doclet-version-NOT-library-version>1.00</doclet-version-NOT-library-version>
    <class>
        <name>B4R::B4RAdafruitGFX</name>
        <shortname>AdafruitGFX</shortname>
        <comment>This is a generic graphics library. It always works together with another hardware specific library.</comment>
        <property>
            <name>Width</name>
            <comment>Returns the display width.</comment>
            <returntype>Int</returntype>
        </property>
        <property>
            <name>Height</name>
            <comment>Returns the display height.</comment>
            <returntype>Int</returntype>
        </property>
        <property>
            <name>CursorX</name>
            <comment>Gets the cursor X position.</comment>
            <returntype>Int</returntype>
        </property>
        <property>
            <name>CursorY</name>
            <comment>Gets the cursor Y position.</comment>
            <returntype>Int</returntype>
        </property>
        <method>
            <name DesignerName="DrawLine">DrawLine</name>
            <comment>Draws a line between the two points.</comment>
            <returntype>B4R::void</returntype>
            <parameter>
                <name>X0</name>
                <type>Int</type>
            </parameter>
            <parameter>
                <name>Y0</name>
                <type>Int</type>
            </parameter>
            <parameter>
                <name>X1</name>
                <type>Int</type>
            </parameter>
            <parameter>
                <name>Y1</name>
                <type>Int</type>
            </parameter>
            <parameter>
                <name>Color</name>
                <type>UInt</type>
            </parameter>
        </method>
        <method>
            <name DesignerName="DrawCircle">DrawCircle</name>
            <comment>Draws a circle.</comment>
            <returntype>B4R::void</returntype>
            <parameter>
                <name>X0</name>
                <type>Int</type>
            </parameter>
            <parameter>
                <name>Y0</name>
                <type>Int</type>
            </parameter>
            <parameter>
                <name>Radius</name>
                <type>Int</type>
            </parameter>
            <parameter>
                <name>Color</name>
                <type>UInt</type>
            </parameter>
            <parameter>
                <name>Filled</name>
                <type>bool</type>
            </parameter>
        </method>
        <method>
            <name DesignerName="DrawRect">DrawRect</name>
            <comment>Draws a rectangle.</comment>
            <returntype>B4R::void</returntype>
            <parameter>
                <name>X0</name>
                <type>Int</type>
            </parameter>
            <parameter>
                <name>Y0</name>
                <type>Int</type>
            </parameter>
            <parameter>
                <name>Width</name>
                <type>Int</type>
            </parameter>
            <parameter>
                <name>Height</name>
                <type>Int</type>
            </parameter>
            <parameter>
                <name>Color</name>
                <type>UInt</type>
            </parameter>
            <parameter>
                <name>Filled</name>
                <type>bool</type>
            </parameter>
        </method>
        <method>
            <name DesignerName="SetCursor">SetCursor</name>
            <comment>Sets the cursor position.</comment>
            <returntype>B4R::void</returntype>
            <parameter>
                <name>X</name>
                <type>Int</type>
            </parameter>
            <parameter>
                <name>Y</name>
                <type>Int</type>
            </parameter>
        </method>
        <method>
            <name DesignerName="DrawText">DrawText</name>
            <comment>Draws Text. Text can be a string, array of bytes or a number.
Returns the object itself.</comment>
            <returntype>B4R::B4RAdafruitGFX*</returntype>
            <parameter>
                <name>Text</name>
                <type>B4R::Object*</type>
            </parameter>
        </method>
        <method>
            <name DesignerName="ConfigureText">ConfigureText</name>
            <comment>Configures the text drawing settings.
Size - 1 is the default size (6 * 8 pixels per character).
Color - The text color.
Wrap - Whether exceeding text will be wrapped to the next line.</comment>
            <returntype>B4R::void</returntype>
            <parameter>
                <name>Size</name>
                <type>Byte</type>
            </parameter>
            <parameter>
                <name>Color</name>
                <type>UInt</type>
            </parameter>
            <parameter>
                <name>Wrap</name>
                <type>bool</type>
            </parameter>
        </method>
    </class>
    <version>1</version>
</root>
