<?xml version="1.0" encoding="UTF-8" standalone="no"?>
<root>
    <doclet-version-NOT-library-version>1.00</doclet-version-NOT-library-version>
    <class>
        <name>B4R::B4RAdafruitSSD1306</name>
        <shortname>AdafruitSSD1306</shortname>
        <property>
            <name>InvertDisplay</name>
            <comment>Set to True to invert the display.</comment>
            <parameter>
                <name>b</name>
                <type>bool</type>
            </parameter>
        </property>
        <method>
            <name DesignerName="InitializeI2C">InitializeI2C</name>
            <comment>I2C initializer.</comment>
            <returntype>B4R::void</returntype>
            <parameter>
                <name>RST</name>
                <type>Byte</type>
            </parameter>
            <parameter>
                <name>I2CAddress</name>
                <type>Byte</type>
            </parameter>
        </method>
        <method>
            <name DesignerName="InitializeHSPI">InitializeHSPI</name>
            <comment>Hardware SPI initializer.</comment>
            <returntype>B4R::void</returntype>
            <parameter>
                <name>DC</name>
                <type>Byte</type>
            </parameter>
            <parameter>
                <name>RST</name>
                <type>Byte</type>
            </parameter>
            <parameter>
                <name>CS</name>
                <type>Byte</type>
            </parameter>
        </method>
        <method>
            <name DesignerName="Display">Display</name>
            <comment>Draws the internal buffer to the screen.</comment>
            <returntype>B4R::void</returntype>
        </method>
        <method>
            <name DesignerName="ClearDisplay">ClearDisplay</name>
            <comment>Clears the display.</comment>
            <returntype>B4R::void</returntype>
        </method>
        <method>
            <name DesignerName="StartScrollDiagRight">StartScrollDiagRight</name>
            <comment>Activates a diagonal scroll for the specified rows.
Pass 0, 15 to scroll all rows.</comment>
            <returntype>B4R::void</returntype>
            <parameter>
                <name>StartRow</name>
                <type>Byte</type>
            </parameter>
            <parameter>
                <name>StopRow</name>
                <type>Byte</type>
            </parameter>
        </method>
        <method>
            <name DesignerName="StartScrollRight">StartScrollRight</name>
            <comment>Activates a scroll for the specified rows.
Pass 0, 15 to scroll all rows.</comment>
            <returntype>B4R::void</returntype>
            <parameter>
                <name>StartRow</name>
                <type>Byte</type>
            </parameter>
            <parameter>
                <name>StopRow</name>
                <type>Byte</type>
            </parameter>
        </method>
        <method>
            <name DesignerName="StartScrollDiagLeft">StartScrollDiagLeft</name>
            <comment>Activates a diagonal scroll for the specified rows.
Pass 0, 15 to scroll all rows.</comment>
            <returntype>B4R::void</returntype>
            <parameter>
                <name>StartRow</name>
                <type>Byte</type>
            </parameter>
            <parameter>
                <name>StopRow</name>
                <type>Byte</type>
            </parameter>
        </method>
        <method>
            <name DesignerName="StartScrollLeft">StartScrollLeft</name>
            <comment>Activates a scroll for the specified rows.
Pass 0, 15 to scroll all rows.</comment>
            <returntype>B4R::void</returntype>
            <parameter>
                <name>StartRow</name>
                <type>Byte</type>
            </parameter>
            <parameter>
                <name>StopRow</name>
                <type>Byte</type>
            </parameter>
        </method>
        <method>
            <name DesignerName="StopScroll">StopScroll</name>
            <comment>Stops scrolling.</comment>
            <returntype>B4R::void</returntype>
        </method>
        <field>
            <name DesignerName="GFX">GFX</name>
            <comment>Gets the graphics object. Make sure to call Display to apply the changes.</comment>
            <returntype>B4R::B4RAdafruitGFX*</returntype>
        </field>
        <field>
            <name DefineMethod="true" DesignerName="BLACK">B4RAdafruitSSD1306_BLACK</name>
            <returntype>UInt</returntype>
        </field>
        <field>
            <name DefineMethod="true" DesignerName="WHITE">B4RAdafruitSSD1306_WHITE</name>
            <returntype>UInt</returntype>
        </field>
        <field>
            <name DefineMethod="true" DesignerName="INVERSE">B4RAdafruitSSD1306_INVERSE</name>
            <comment>Inverts the current color (similar to XOR drawing).</comment>
            <returntype>UInt</returntype>
        </field>
    </class>
    <version>1.1</version>
</root>
