<?xml version="1.0" encoding="UTF-8"?>
<launch4jConfig>
  <dontWrapJar>false</dontWrapJar>
  <headerType>gui</headerType>
  <jar>C:\Daten\b4j\b4jhowto\B4JHowToTableViewLabels\Objects\B4JHowToTableViewLabels.jar</jar>
  <outfile>C:\Daten\b4j\b4jhowto\B4JHowToTableViewLabels\Objects\B4JHowToTableViewLabels.exe</outfile>
  <errTitle></errTitle>
  <cmdLine></cmdLine>
  <chdir></chdir>
  <priority>normal</priority>
  <downloadUrl>http://java.com/download</downloadUrl>
  <supportUrl></supportUrl>
  <stayAlive>false</stayAlive>
  <manifest></manifest>
  <icon></icon>
  <jre>
    <path>c:\Program Files (x86)\Java\jre8\bin\</path>
    <bundledJre64Bit>false</bundledJre64Bit>
    <minVersion>1.8.0_0</minVersion>
    <maxVersion>1.8.0_15</maxVersion>
    <jdkPreference>preferJre</jdkPreference>
    <runtimeBits>64/32</runtimeBits>
  </jre>
  <versionInfo>
    <fileVersion>1.0.0.0</fileVersion>
    <txtFileVersion>v20140615</txtFileVersion>
    <fileDescription>B4J HOWTO TableView Labels</fileDescription>
    <copyright>Copyright (c) 2014 by Robert W.B. Linn, Pinneberg, Germany</copyright>
    <productVersion>1.0.0.0</productVersion>
    <txtProductVersion>v20140611</txtProductVersion>
    <productName>B4JHowTo</productName>
    <companyName>Robert W.B. Linn</companyName>
    <internalName>b4jhowto</internalName>
    <originalFilename>b4jhowto.exe</originalFilename>
  </versionInfo>
</launch4jConfig>